count,from_port,to_port,from_lat,from_lon,to_lat,to_lon
17255,MONTEVIDEO,LA CORUÑA,-34.89,-56.21,43.36,-8.36
13554,LA CORUÑA,LA HABANA,43.36,-8.36,23.48,-80.91
13118,ROTTERDAM,BATAVIA,51.0,1.11,-6.1,106.86
9933,NIEUWEDIEP,BATAVIA,52.155,3.27,-6.1,106.86
9522,NEDERLAND,BATAVIA,52.0,5.0,-6.1,106.86
4827,TEXEL,BATAVIA,52.615,4.175000000000001,-6.1,106.86
4333,BATAVIA,HELLEVOETSLUIS,-6.1,106.86,51.81,4.08
3131,AMSTERDAM,BATAVIA,52.77,3.97,-6.1,106.86
2231,MONTEVIDEO,CÁDIZ,-34.89,-56.21,36.525000000000006,-6.41
1785,JAVA HEAD,DOWNS,-6.75,105.2,51.2,1.4
1658,LA HABANA,CÁDIZ,23.48,-80.91,36.525000000000006,-6.41
1451,BATAVIA,BROUWERSHAVEN,-6.1,106.86,51.75,3.9
1425,TABLE BAY,SPITHEAD,-33.9,18.4,50.525000000000006,-1.115
1398,BANJOEWANGIE,NIEUWEDIEP,-8.2,114.35,52.155,3.27
1398,TEXEL,KAAP DE GOEDE HOOP,52.615,4.175000000000001,-34.12,18.23
1372,DOWNS,BOMBAY,51.2,1.4,18.93,72.85
1328,DOWNS,MADRAS,51.2,1.4,13.08,80.27
1261,NEDERLAND,JAVA,52.0,5.0,-7.5,110.0
1173,SPITHEAD,MADRAS,50.525000000000006,-1.115,13.08,80.27
1163,CURACAO,HELLEVOETSLUIS,12.21,-68.34,51.81,4.08
1116,BATAVIA,KAAP DE GOEDE HOOP,-6.1,106.86,-34.12,18.23
1096,NEDERLAND,SURINAME,52.0,5.0,6.095000000000001,-54.485
992,BATAVIA,ANTWERPEN,-6.1,106.86,51.22,4.4
936,RIO DE JANEIRO,BATAVIA,-22.9,-43.16,-6.1,106.86
932,JAMAICA,SPITHEAD,18.1,-77.3,50.525000000000006,-1.115
863,ST HELENA,SPITHEAD,-16.02,-5.08,50.525000000000006,-1.115
855,PARAMARIBO,HELLEVOETSLUIS,5.83,-55.15,51.81,4.08
801,SURINAME,MIDDELBURG,6.095000000000001,-54.485,51.5,3.6
769,BATAVIA,ZIERIKZEE,-6.1,106.86,50.775,0.8899999999999999
754,JAVA HEAD,UK,-6.75,105.2,51.5,-0.1
748,SPITHEAD,BARBADOS,50.525000000000006,-1.115,13.095,-58.93
733,JAVA HEAD,ST HELENA,-6.75,105.2,-16.02,-5.08
729,TABLE BAY,MADRAS,-33.9,18.4,13.08,80.27
724,RAMMEKENS,BATAVIA,51.45,3.65,-6.1,106.86
676,BREST,MARTINIQUE,48.34,-5.385,15.65,-61.745000000000005
656,RAMMEKENS,CEYLON,51.45,3.65,6.85,82.1
647,MIDDELBURG,CEYLON,51.5,3.6,6.85,82.1
621,PORTSMOUTH,MADRAS,50.2,-1.58,13.08,80.27
616,EL CALLAO (LIMA),CÁDIZ,-12.07,-77.15,36.525000000000006,-6.41
612,EL CALLAO,CÁDIZ,-12.03,-77.16,36.525000000000006,-6.41
562,VLISSINGEN,BATAVIA,51.45,3.58,-6.1,106.86
552,ST HELENA,TABLE BAY,-16.02,-5.08,-33.9,18.4
539,HELLEVOETSLUIS,SURINAME,51.81,4.08,6.095000000000001,-54.485
535,MANILA,CÁDIZ,14.15,120.5,36.525000000000006,-6.41
529,TABLE BAY,PLYMOUTH,-33.9,18.4,50.35,-4.16
520,ROTTERDAM,JAVA,51.0,1.11,-7.5,110.0
513,CURACAO,NEDERLAND,12.21,-68.34,52.0,5.0
507,PLYMOUTH,BATAVIA,50.35,-4.16,-6.1,106.86
504,MADEIRA,ST HELENA,32.95,-15.88,-16.02,-5.08
504,MONTEVIDEO,CADIZ,-34.89,-56.21,36.53,-6.3
493,PLYMOUTH,MADRAS,50.35,-4.16,13.08,80.27
487,JAVA HEAD,DOWNS UK,-6.75,105.2,51.2,1.4
463,TEXEL,SURINAME,52.615,4.175000000000001,6.095000000000001,-54.485
455,ROTTERDAM,MAKASSAR,51.0,1.11,-5.65,118.2
447,CURACAO,TEXEL,12.21,-68.34,52.615,4.175000000000001
446,NIEUWEDIEP,CALCUTTA,52.155,3.27,20.47,87.27
441,MONTEVIDEO,SANTA CATALINA,-34.89,-56.21,-27.62,-48.58
436,ROCHEFORT,MARTINIQUE,46.515,-1.97,15.65,-61.745000000000005
435,ST HELENA,DOWNS,-16.02,-5.08,51.2,1.4
420,PLYMOUTH,ST HELENA,50.35,-4.16,-16.02,-5.08
418,ANTIGUA,SPITHEAD,17.12,-61.85,50.525000000000006,-1.115
408,EL CALLAO,CADIZ,-12.03,-77.16,36.53,-6.3
405,NIEUWEDIEP,SURINAME,52.155,3.27,6.095000000000001,-54.485
395,SOERABAIJA,NIEUWEDIEP,-7.23,112.7,52.155,3.27
394,PLYMOUTH,NEW ZEALAND,50.35,-4.16,-41.0,174.0
392,SANTA CATALINA,CÁDIZ,-27.62,-48.58,36.525000000000006,-6.41
390,MIDDELBURG,BATAVIA,51.5,3.6,-6.1,106.86
389,CÁDIZ,VERACRUZ,36.525000000000006,-6.41,19.2,-96.1
389,CALLAO,CÁDIZ,-12.08,-77.93,36.525000000000006,-6.41
387,KAAP DE GOEDE HOOP,VLISSINGEN,-34.12,18.23,51.45,3.58
384,MIDDELBURG,GULF OF GUINEA,51.5,3.6,4.0,2.0
383,NEW YORK,BATAVIA,40.75,-73.97,-6.1,106.86
381,SPITHEAD,NEW YORK,50.525000000000006,-1.115,40.75,-73.97
378,GOTHENBURG,MACAO,57.71,11.97,22.17,113.54
373,JAVA,TEXEL,-7.5,110.0,52.615,4.175000000000001
373,PADANG,AMSTERDAM,-1.095,100.375,52.77,3.97
368,SPITHEAD,MADEIRA,50.525000000000006,-1.115,32.95,-15.88
364,CURACAO,PARAMARIBO,12.21,-68.34,5.83,-55.15
361,ST HELENA,UK,-16.02,-5.08,51.5,-0.1
359,NEDERLAND,PADANG,52.0,5.0,-1.095,100.375
358,SOERABAIJA,NEDERLAND,-7.23,112.7,52.0,5.0
357,TEXEL,PADANG,52.615,4.175000000000001,-1.095,100.375
350,ROTTERDAM,SURINAME,51.0,1.11,6.095000000000001,-54.485
350,MADRAS,ST HELENA,13.08,80.27,-16.02,-5.08
349,SURINAME,VLISSINGEN,6.095000000000001,-54.485,51.45,3.58
347,ELMINA,SURINAME,5.08,-1.34,6.095000000000001,-54.485
342,ROCHEFORT,LOUISBOURG,46.515,-1.97,46.22,-59.29
330,AKIJAB,NIEUWEDIEP,19.87,92.5,52.155,3.27
322,PLYMOUTH,BARBADOS,50.35,-4.16,13.095,-58.93
322,CANTON,GOTHENBURG,19.98,113.85,57.71,11.97
314,GULF OF GUINEA,SURINAME,4.0,2.0,6.095000000000001,-54.485
312,HELLEVOETSLUIS,RIO DE JANEIRO,51.81,4.08,-22.9,-43.16
312,TAFELBAAI,BATAVIA,-34.225,18.175,-6.1,106.86
307,CORK,BARBADOS,51.35,-8.815,13.095,-58.93
304,GUINEA,SURINAME,10.0,-10.0,6.095000000000001,-54.485
299,BATAVIA,ST HELENA,-6.1,106.86,-16.02,-5.08
299,ST EUSTATIUS,TEXEL,17.5,-62.97,52.615,4.175000000000001
297,BOMBAY,TABLE BAY,18.93,72.85,-33.9,18.4
290,DOWNS,JAVA,51.2,1.4,-7.5,110.0
288,TABLE BAY,PORTSMOUTH,-33.9,18.4,50.2,-1.58
285,TEXEL,RIO DE JANEIRO,52.615,4.175000000000001,-22.9,-43.16
274,ROTTERDAM,SPITSBERGEN,51.0,1.11,60.39,5.32
274,NEDERLAND,GULF OF GUINEA,52.0,5.0,4.0,2.0
272,ST GEORGE D'ELMINA,BATAVIA,5.08,-1.34,-6.1,106.86
270,ROTTERDAM,GUINEA,51.0,1.11,10.0,-10.0
269,SURINAME,CURACAO,6.095000000000001,-54.485,12.21,-68.34
268,UK,BOMBAY,51.5,-0.1,18.93,72.85
268,KAAP DE GOEDE HOOP,HELLEVOETSLUIS,-34.12,18.23,51.81,4.08
256,BANJOEWANGIE,TEXEL,-8.2,114.35,52.615,4.175000000000001
256,SOERABAIJA,ROTTERDAM,-7.23,112.7,51.0,1.11
255,SOERABAYA,ROTTERDAM,-7.23,112.7,51.0,1.11
255,GRAVESEND,JAVA,51.44,0.37,-7.5,110.0
254,AMSTERDAM,SPITSBERGEN,52.77,3.97,60.39,5.32
251,POINT DE GALLE,DOWNS,6.03,80.22,51.2,1.4
250,BOMBAY,ST HELENA,18.93,72.85,-16.02,-5.08
250,SPITHEAD,FORT ST DAVID,50.525000000000006,-1.115,11.77,79.78
249,AMSTERDAM,SURINAME,52.77,3.97,6.095000000000001,-54.485
248,PARAMARIBO,VLISSINGEN,5.83,-55.15,51.45,3.58
246,CAP,BREST,19.74,-72.19,48.34,-5.385
241,BARCELONA,CARTAGENA,41.39,2.17,10.4,-75.5
237,HELLEVOETSLUIS,ST EUSTACIUS,51.81,4.08,17.5,-62.97
236,MADRAS,UK,13.08,80.27,51.5,-0.1
236,MADRAS,BOMBAY,13.08,80.27,18.93,72.85
231,PORTSMOUTH,BOMBAY,50.2,-1.58,18.93,72.85
224,HELLEVOETSLUIS,SIMONSBAAI,51.81,4.08,-34.53,18.6
224,TABLE BAY,UK,-33.9,18.4,51.5,-0.1
224,JAVA,NIEUWEDIEP,-7.5,110.0,52.155,3.27
224,CURACAO,ST EUSTATIUS,12.21,-68.34,17.5,-62.97
223,JAVA HEAD,PORTSMOUTH,-6.75,105.2,50.2,-1.58
223,RIO DE JANEIRO,ANTWERPEN,-22.9,-43.16,51.22,4.4
220,GRAVESEND,BOMBAY,51.44,0.37,18.93,72.85
220,SPITHEAD,GIBRALTAR,50.525000000000006,-1.115,36.19,-5.21
220,BATAVIA,NIEUWENDIEP,-6.1,106.86,52.28,3.28
214,TABLE BAY,DOWNS,-33.9,18.4,51.2,1.4
212,MIDDELBURG,RIO BERBICE,51.5,3.6,6.3,-57.5
212,GRAVESEND,MADRAS,51.44,0.37,13.08,80.27
210,CADIZ,LA HABANA,36.53,-6.3,23.48,-80.91
209,PLYMOUTH,MADEIRA,50.35,-4.16,32.95,-15.88
207,VERACRUZ,LA HABANA,19.2,-96.1,23.48,-80.91
206,JAVA HEAD,GRAVESEND,-6.75,105.2,51.44,0.37
206,MADEIRA,MADRAS,32.95,-15.88,13.08,80.27
205,LIVERPOOL,BATAVIA,53.2,-4.63,-6.1,106.86
205,PORTSMOUTH,ST HELENA,50.2,-1.58,-16.02,-5.08
204,SPITHEAD,PORT ROYAL,50.525000000000006,-1.115,17.94,-76.84
203,ELMINA,PARAMARIBO,5.08,-1.34,5.83,-55.15
201,MIDDELBURG,COLOMBO,51.5,3.6,6.91,79.86
200,TRINCOMALEE,SPITHEAD,8.57,81.22,50.525000000000006,-1.115
199,CÁDIZ,CALLAO DE LIMA,36.525000000000006,-6.41,-12.07,-77.15
195,FALMOUTH,JAVA,50.15,-5.07,-7.5,110.0
195,ST HELENA,DOWNS UK,-16.02,-5.08,51.2,1.4
194,ST THOMAS,BARBADOS,17.96,-65.14500000000001,13.095,-58.93
194,LISBON,SPITHEAD,38.68,-9.1,50.525000000000006,-1.115
190,CURAÇAO,SURINAME,12.34,-68.5,6.095000000000001,-54.485
189,CORK,PENANG VIA FUNCHAL AND TABLE BAY,51.35,-8.815,-33.9,18.4
189,BOMBAY,PLYMOUTH,18.93,72.85,50.35,-4.16
189,BATAVIA,SIMONSBAAI,-6.1,106.86,-34.53,18.6
188,BREST,LOUISBOURG,48.34,-5.385,46.22,-59.29
188,JAVA HEAD,DOWNS VIA ST HELENA,-6.75,105.2,51.2,1.4
183,MIDDELBURG,KUST VAN GUINEA EN SURINAME,51.5,3.6,6.0,-2.0
181,MIDDELBURG,KAAP DE GOEDE HOOP,51.5,3.6,-34.12,18.23
179,COLOMBO,BATAVIA,6.91,79.86,-6.1,106.86
178,PORTSMOUTH,CANTON VIA AUSTRALIA,50.2,-1.58,23.13,113.27
177,CADIZ,MANILA,36.53,-6.3,14.15,120.5
177,CALCUTTA,BATAVIA,20.47,87.27,-6.1,106.86
177,PARAMARIBO,MIDDELBURG,5.83,-55.15,51.5,3.6
177,TABLE BAY,MAURITIUS,-33.9,18.4,-20.17,57.5
176,ST GEORGE D'ELMINA,SURINAME,5.08,-1.34,6.095000000000001,-54.485
176,NEDERLAND,PARAMARIBO,52.0,5.0,5.83,-55.15
175,MIDDELBURG,GUINEA,51.5,3.6,10.0,-10.0
174,KAAPSTAD,BATAVIA,-34.68,18.12,-6.1,106.86
173,GRAVESEND UK,BOMBAY,51.5,-0.1,18.93,72.85
170,CAP,ROCHEFORT,19.74,-72.19,46.515,-1.97
170,JAVA HEAD,FALMOUTH,-6.75,105.2,50.15,-5.07
167,RAMMEKENS,KAAP DE GOEDE HOOP,51.45,3.65,-34.12,18.23
163,PORTSMOUTH,BATAVIA,50.2,-1.58,-6.1,106.86
160,BATAVIA,NAGASAKI,-6.1,106.86,32.75,129.88
159,VLISSINGEN,CURACAO,51.45,3.58,12.21,-68.34
158,RAMMEKENS,COLOMBO,51.45,3.65,6.91,79.86
157,ROTTERDAM,COLOMBO,51.0,1.11,6.91,79.86
156,MONTEVIDEO,LA HABANA,-34.89,-56.21,23.48,-80.91
155,NEDERLAND,KAAP DE GOEDE HOOP,52.0,5.0,-34.12,18.23
153,MADEIRA,RIO DE JANEIRO,32.95,-15.88,-22.9,-43.16
152,FALMOUTH,TABLE BAY,50.15,-5.07,-33.9,18.4
151,NEDERLAND,ST GEORGE D'ELMINA,52.0,5.0,5.08,-1.34
151,PENANG,DOWNS VIA ST HELENA,5.42,100.32,51.2,1.4
151,CURACAO,ST EUSTACIUS,12.21,-68.34,17.5,-62.97
151,TABLE BAY,LISBON,-33.9,18.4,38.68,-9.1
150,CARTAGENA,CÁDIZ,10.4,-75.5,36.525000000000006,-6.41
150,CADIZ,SPITHEAD,36.53,-6.3,50.525000000000006,-1.115
148,BREST,FORT ROYAL,48.34,-5.385,14.59,-61.07
147,CURACAO,ROTTERDAM,12.21,-68.34,51.0,1.11
147,PORTSMOUTH,MADRAS VIA JOHANNA,50.2,-1.58,13.08,80.27
146,JAVA,UK,-7.5,110.0,51.5,-0.1
145,CALLAO,CADIZ,-12.08,-77.93,36.53,-6.3
144,CALCUTTA,SPITHEAD,20.47,87.27,50.525000000000006,-1.115
144,BATAVIA,CADIZ,-6.1,106.86,36.53,-6.3
144,TEXEL,PARAMARIBO,52.615,4.175000000000001,5.83,-55.15
143,SOERABAYA,LISSABON,-7.23,112.7,39.0,-9.65
143,FERDINANDO LORONHO,UK,-3.85,-32.42,51.5,-0.1
143,PORTO PRAYA,"PORT EGMONT, FALKLAND ISLANDS",14.92,-23.52,-51.8,-59.0
142,PLYMOUTH,RIO DE JANEIRO,50.35,-4.16,-22.9,-43.16
141,LE HAVRE,NEW YORK,49.49,0.11,40.75,-73.97
141,AMSTERDAM,CURACAO,52.77,3.97,12.21,-68.34
140,CÁDIZ,PUERTO RICO,36.525000000000006,-6.41,18.48,-66.13
139,PORTSMOUTH,PENANG VIA ST HELENA,50.2,-1.58,5.42,100.32
138,PLYMOUTH,CALCUTTA,50.35,-4.16,20.47,87.27
138,CEYLON,TEXEL,6.85,82.1,52.615,4.175000000000001
138,AXIM,PARAMARIBO,4.86,-2.25,5.83,-55.15
137,ST EUSTACIUS,SURINAME,17.5,-62.97,6.095000000000001,-54.485
136,NEDERLAND,GUINEA,52.0,5.0,10.0,-10.0
136,CADIZ,EL CALLAO - LIMA,36.53,-6.3,-12.07,-77.15
135,BATAVIA,NIEUW DIEP,-6.1,106.86,52.58,4.25
135,LIMA,CÁDIZ,-12.04,-77.03,36.525000000000006,-6.41
134,TRINCOMALEE,TABLE BAY,8.57,81.22,-33.9,18.4
134,NEW YORK,BUENOS AIRES,40.75,-73.97,-34.63,-58.33
134,TIMOR,DOWNS,-8.56,125.57,51.2,1.4
133,SAN SEBASTIAN,BATAVIA,-23.8,-45.6,-6.1,106.86
132,CANTON,TEXEL,19.98,113.85,52.615,4.175000000000001
132,PENANG,DOWNS,5.42,100.32,51.2,1.4
132,CURAÇAO,VLISSINGEN,12.34,-68.5,51.45,3.58
132,JAVA,SPITHEAD,-7.5,110.0,50.525000000000006,-1.115
132,JAVA HEAD,BRISTOL CHANNEL,-6.75,105.2,51.45,-2.58
131,PLYMOUTH,PENANG (VIA FUNCHAL),50.35,-4.16,5.42,100.32
131,HARTLEPOOL,BATAVIA,54.38,0.4,-6.1,106.86
131,HARTLEPOOL,CHINA,54.38,0.4,31.2,121.5
131,BRAMSPUNT,MIDDELBURG,6.07,-55.17,51.5,3.6
130,BATAVIA,FALMOUTH,-6.1,106.86,50.15,-5.07
130,MIDDELBURG,CABO DE GOEDE HOOP,51.5,3.6,-34.06,18.15
129,DOVER,MADRAS,51.48,1.52,13.08,80.27
129,CURACAO,NIEUWEDIEP,12.21,-68.34,52.155,3.27
129,GUADELOUPE,BREST,16.25,-61.58,48.34,-5.385
128,MANILA,EL CALLAO,14.15,120.5,-12.03,-77.16
128,SPITHEAD,PENANG VIA SIMONS BAY,50.525000000000006,-1.115,5.42,100.32
127,PADANG,HELLEVOETSLUIS,-1.095,100.375,51.81,4.08
127,BALI (JAVA),UK,-7.5,110.0,51.5,-0.1
127,PORT LOUIS,HELLEVOETSLUIS,-20.17,57.5,51.81,4.08
126,CAPE COAST,BARBADOS,5.1,-1.25,13.095,-58.93
126,JAVA HEAD VIA ST HELENA,DOWNS UK,-6.75,105.2,51.2,1.4
125,JAMAICA,DOWNS,18.1,-77.3,51.2,1.4
125,SOERABAJA,ROTTERDAM,-7.23,112.7,51.0,1.11
125,PORT EGMONT,SANDWICH ISLANDS,-51.7,-57.85,21.3,-157.8
124,MADEIRA,BOMBAY HARBOUR,32.95,-15.88,18.93,72.85
124,RIO DE JANEIRO,VLISSINGEN,-22.9,-43.16,51.45,3.58
123,SPITHEAD,MALDONADO,50.525000000000006,-1.115,-34.92,-54.96
123,FALMOUTH,MADRAS,50.15,-5.07,13.08,80.27
122,HELLEVOETSLUIS,ST EUSTATIUS,51.81,4.08,17.5,-62.97
122,CURACAO,MIDDELBURG,12.21,-68.34,51.5,3.6
121,NIEUWE DIEP,JAVA,52.77,4.42,-7.5,110.0
121,MACAO,ST HELENA,22.17,113.54,-16.02,-5.08
120,PLYMOUTH,NEW YORK,50.35,-4.16,40.75,-73.97
120,SPITHEAD,BOMBAY,50.525000000000006,-1.115,18.93,72.85
120,JAVA HEAD,SPITHEAD,-6.75,105.2,50.525000000000006,-1.115
120,EL FERROL,MONTEVIDEO,43.0,-9.5,-34.89,-56.21
120,DOWNS,COLOMBO,51.2,1.4,6.91,79.86
120,SOERABAYA,NIEUWEDIEP,-7.23,112.7,52.155,3.27
119,PORT ROYAL JAMAICA,PLYMOUTH,18.1,-77.3,50.35,-4.16
119,DOWNS,MALACCA,51.2,1.4,2.17,102.24
118,JAVA,BROUWERSHAVEN,-7.5,110.0,51.75,3.9
118,MARAÑÓN,BARCELONA,-2.4,-44.29,41.39,2.17
118,PUNTO GALE,NEDERLAND,6.02,80.22,52.0,5.0
118,DESCONOCIDO (CREO QUE ACAPULCO),SAN BLAS,16.85,-99.9,21.9,-106.96
117,NEDERLAND,ELMINA,52.0,5.0,5.08,-1.34
117,DOWNS,CALCUTTA,51.2,1.4,20.47,87.27
117,DOWNS UK,PENANG,51.2,1.4,5.42,100.32
116,SPITHEAD,MOCHA,50.525000000000006,-1.115,13.32,43.25
116,"PORT ROYAL, JAMAICA",SPITHEAD,18.1,-77.3,50.525000000000006,-1.115
116,RIO DE JANEIRO,"COLOMBO, CEYLON",-22.9,-43.16,7.0,80.0
116,SANTA CRUZ,TAFELBAAI,28.45,-16.25,-34.225,18.175
115,BANJOEWANGIE,BROUWERSHAVEN,-8.2,114.35,51.75,3.9
115,UK,JAVA (XMAS ISLAND),51.5,-0.1,-7.5,110.0
115,GALLE,ROTTERDAM,6.0,80.2,51.0,1.11
115,CHARILLO,SOERABAYA,-12.67,-77.06,-7.23,112.7
114,DOWNS,PENANG VIA ST HELENA,51.2,1.4,5.42,100.32
114,ST HELENA,CANTON,-16.02,-5.08,19.98,113.85
114,JAVA,VLISSINGEN,-7.5,110.0,51.45,3.58
114,RIO DE JANEIRO,CURACAO,-22.9,-43.16,12.21,-68.34
113,NIEUWEDIEP,SAMARANG,52.155,3.27,-6.65,110.32
113,NEDERLAND,NEW YORK,52.0,5.0,40.75,-73.97
113,ROTTERDAM,NEW YORK,51.0,1.11,40.75,-73.97
113,SPITHEAD,SUMBA (OFF JAVA),50.525000000000006,-1.115,-7.5,110.0
112,TEXEL,ST EUSTACIUS,52.615,4.175000000000001,17.5,-62.97
112,BREST,LA MARTINIQUE,48.34,-5.385,14.64,-61.02
112,MADEIRA,BARBADOS,32.95,-15.88,13.095,-58.93
112,FERROL,BREST,43.6,-8.65,48.34,-5.385
111,HELLEVOETSLUIS,KAAPSTAD,51.81,4.08,-34.68,18.12
111,MONTEVIDEO,VALPARAISO,-34.89,-56.21,-33.08,-71.67
110,CURAÇAO,NEDERLAND,12.34,-68.5,52.0,5.0
109,ST HELENA,HELLEVOETSLUIS,-16.02,-5.08,51.81,4.08
109,PRINCE OF WALES ISLAND (PENANG),GRAVESEND,5.42,100.32,51.44,0.37
109,PORTSMOUTH,ANJER ROAD JAVA,50.2,-1.58,-7.5,110.0
108,HAVANA,SPITHEAD,23.13,-82.38,50.525000000000006,-1.115
107,TAFELBAAI,CORK,-34.225,18.175,51.35,-8.815
107,TRINCOMALEE,LISBON,8.57,81.22,38.68,-9.1
106,PLYMOUTH,ST AUGUSTINES,50.35,-4.16,-23.4,43.66
105,RAMMEKENS,SIMONSBAAI,51.45,3.65,-34.53,18.6
105,ST HELENA,TEXEL,-16.02,-5.08,52.615,4.175000000000001
105,NEW ZEALAND,TAHITI,-41.0,174.0,-17.68,-149.45
105,NIEUWE DIEP,BATAVIA,52.77,4.42,-6.1,106.86
104,VLISSINGEN,GUINEA,51.45,3.58,10.0,-10.0
104,CORK,TRINCOMALEE VIA FUNCHAL,51.35,-8.815,8.58,81.23
104,MONTAGUE ISLE,SANDWICH ISLANDS,59.7,-148.4,21.3,-157.8
103,BATAVIA,PADANG,-6.1,106.86,-1.095,100.375
102,ST EUSTATIUS,PARAMARIBO,17.5,-62.97,5.83,-55.15
102,BATAVIA,UK,-6.1,106.86,51.5,-0.1
102,BATAVIA,PARAMARIBO,-6.1,106.86,5.83,-55.15
102,BARBADOS,UK,13.095,-58.93,51.5,-0.1
101,LIMA (PISCO),CORK,-12.04,-77.03,51.35,-8.815
101,ROCHEFORT,FORT ROYAL,46.515,-1.97,14.59,-61.07
100,AMSTERDAM,ST GEORGE D'ELMINAR,52.77,3.97,5.08,-1.35
100,DOWNS,CHINA,51.2,1.4,31.2,121.5
100,CALCUTTA,TABLE BAY,20.47,87.27,-33.9,18.4
100,MONTEREY,LA CÔTE DE CHINE,36.66,-121.9,22.17,114.81
100,PLYMOUTH,JAMAICA,50.35,-4.16,18.1,-77.3
99,LIVERPOOL,PORT PHILIP,53.2,-4.63,-37.9,144.9
98,NIEUWEDIEP,PADANG,52.155,3.27,-1.095,100.375
98,KAAP DE GOEDE HOOP,AMSTERDAM,-34.12,18.23,52.77,3.97
98,ST KITTS,SPITHEAD,17.3,-62.73,50.525000000000006,-1.115
98,FALMOUTH,ST AUGUSTINES,50.15,-5.07,-23.4,43.66
97,MADEIRA,ZANZIBAR,32.95,-15.88,-6.16,39.19
97,ST CATHERINE,TALCAGUANA,-27.35,-47.67,-36.76,-73.17
96,TEXEL,NEW YORK,52.615,4.175000000000001,40.75,-73.97
96,TRINCOMALEE,MADRAS,8.57,81.22,13.08,80.27
96,ISLE D'AIX,LOUISBOURG,46.58,-4.67,46.22,-59.29
96,HELLEVOETSLUIS,TAFELBAAI,51.81,4.08,-34.225,18.175
95,RIO DE JANEIRO,SPITHEAD,-22.9,-43.16,50.525000000000006,-1.115
95,SAO TOME,VLISSINGEN,0.33,6.74,51.45,3.58
95,VLISSINGEN,CABO DE GOEDE HOOP,51.45,3.58,-34.06,18.15
95,PENANG,ST HELENA,5.42,100.32,-16.02,-5.08
94,MIDDELBURG,ELMINA,51.5,3.6,5.08,-1.34
94,ST MAARTEN,SURINAME,17.715,-62.52,6.095000000000001,-54.485
94,BUENOS AIRES,LA CORUÑA,-34.63,-58.33,43.36,-8.36
93,FALMOUTH,BARBADOS,50.15,-5.07,13.095,-58.93
92,NEDERLAND,RIO DE JANEIRO,52.0,5.0,-22.9,-43.16
92,MOCHA,BOMBAY,13.32,43.25,18.93,72.85
92,GIBRALTAR,BARBADOS,36.19,-5.21,13.095,-58.93
92,BASSE TERRE,PLYMOUTH,16.23,-61.53,50.35,-4.16
92,SPITHEAD,JOHANNA,50.525000000000006,-1.115,-12.13,44.4
92,PORT EGMONT,SPITHEAD,-51.7,-57.85,50.525000000000006,-1.115
91,SOERABAJA,NEDERLAND,-7.23,112.7,52.0,5.0
91,RAMMEKENS,WEST AFRICA,51.45,3.65,8.0,-5.0
91,ST EUSTATIUS,MIDDELBURG,17.5,-62.97,51.5,3.6
91,NEDERLAND,MONTEVIDEO,52.0,5.0,-34.89,-56.21
89,SAMARANG,TEXEL,-6.65,110.32,52.615,4.175000000000001
89,LA CORUÑA,PUERTO DE BRESTE,43.36,-8.36,48.4,-4.5
89,MONTEVIDEO,SPITHEAD,-34.89,-56.21,50.525000000000006,-1.115
89,EL CALLAO,RIO DE JANEIRO,-12.03,-77.16,-22.9,-43.16
88,RIO DE JANEIRO,RIO DE LA PLATA,-22.9,-43.16,-35.0,-54.78
88,PORT JACKSON AUSTRALIA,ST HELENA,-25.0,135.0,-16.02,-5.08
87,ST JAGO,ST HELENA,14.92,-23.52,-16.02,-5.08
87,GUADELOUPE,ROCHEFORT,16.25,-61.58,46.515,-1.97
87,RIO DE JANEIRO,PORT JACKSON AUSTRALIA,-22.9,-43.16,-25.0,135.0
86,LISBON,PLYMOUTH,38.68,-9.1,50.35,-4.16
85,NEDERLAND,SIMONSBAAI,52.0,5.0,-34.53,18.6
85,KAAPSTAD,BERGEN,-34.68,18.12,60.4,5.3
85,TEXEL,SAN SEBASTIAN,52.615,4.175000000000001,-23.8,-45.6
84,PLYMOUTH,HALIFAX (CHABUKTA HARBOUR),50.35,-4.16,51.5,-0.1
84,PLYMOUTH,MAURITIUS,50.35,-4.16,-20.17,57.5
83,MALACCA,ST HELENA,2.17,102.24,-16.02,-5.08
83,HELLEVOETSLUIS,BUENOS AIRES,51.81,4.08,-34.63,-58.33
82,ANTIGUA,NEW YORK,17.12,-61.85,40.75,-73.97
82,PLYMOUTH,GIBRALTAR,50.35,-4.16,36.19,-5.21
82,SURINAME,LISSABON,6.095000000000001,-54.485,39.0,-9.65
81,FALMOUTH,DEMERARA,50.15,-5.07,6.8,-58.15
81,AMSTERDAM,KAAPSTAD,52.77,3.97,-34.68,18.12
81,BATAVIA,BAIJ VAN DILAGOA,-6.1,106.86,-26.0,32.75
81,SIMONSBAAI,PUNTO GALLE,-34.53,18.6,6.03,80.22
80,VLISSINGEN,TAFELBAAI,51.45,3.58,-34.225,18.175
80,CARLISLE BAY FALKLAND ISLANDS,PLYMOUTH,-51.8,-59.0,50.35,-4.16
80,BATAVIA,SAN FRANCISCO,-6.1,106.86,37.5,-122.68
79,GUADELOUPE,NANTES,16.25,-61.58,47.22,-1.55
78,CAYENNE,BERGEN (NORWAY),4.845000000000001,-52.175,60.39,5.32
78,SURINAME,BERGEN,6.095000000000001,-54.485,60.4,5.3
78,SURINAME,BERGEN (NORWAY),6.095000000000001,-54.485,60.39,5.32
78,ST GEORGE D'ELMINA,NIEUWE DIEP,5.08,-1.34,52.77,4.42
77,"ST THOMAS, GULF OF GUINEA",SPITHEAD,18.34,-64.93,50.525000000000006,-1.115
76,TABLE BAY TOWARDS MADAGASCAR,TABLE BAY,-33.9,18.4,-33.9,18.4
76,CADIZ,CARTAGENA,36.53,-6.3,10.4,-75.5
76,PORT LOUIS,TABLE BAY,-20.17,57.5,-33.9,18.4
76,MONTEVIDEO,CALLAO (LIMA),-34.89,-56.21,-12.07,-77.15
76,ASCENSION,SPITHEAD,-7.95,-14.37,50.525000000000006,-1.115
76,MADRAS,"MAURITIUS, BATAVIA",13.08,80.27,-20.2,57.5
75,ROCHEFORT,ST PIERRE,46.515,-1.97,14.73,-61.18
75,CADIZ,CAVITE,36.53,-6.3,14.5,120.92
75,TAFELBAAI,TEXEL,-34.225,18.175,52.615,4.175000000000001
75,MIDDELBURG,ANGOLA,51.5,3.6,-8.84,13.23
75,SPITHEAD,LOUISBOURG,50.525000000000006,-1.115,46.22,-59.29
75,PORT ROYAL,LEITH,17.94,-76.84,55.98,-3.17
75,ST GEORGE D'ELMINA,FORT AMSTERDAM,5.08,-1.34,6.05,-54.73
75,EL FERROL,RIO DE LA PLATA,43.0,-9.5,-35.0,-54.78
75,CAVITÉ,TERNAL,14.5,120.92,45.22,137.48
74,BASSE TERRE,SPITHEAD,16.23,-61.53,50.525000000000006,-1.115
74,BASSE TERRE,BREST,16.23,-61.53,48.34,-5.385
74,TABLE BAY,DOWNS UK,-33.9,18.4,51.2,1.4
74,MANILLA,BATAVIA,14.65,119.62,-6.1,106.86
74,QUILOA EAST AFRICA,TABLE BAY,-9.0,39.5,-33.9,18.4
74,UK,NEW YORK,51.5,-0.1,40.75,-73.97
74,ST THOMAS (SAO TOME),PLYMOUTH,18.34,-64.93,50.35,-4.16
74,SPITHEAD,HAMOZE UK,50.525000000000006,-1.115,51.5,-0.1
73,MADRAS,BATAVIA,13.08,80.27,-6.1,106.86
73,FORT ST DAVIDS ROAD,ST HELLENA,11.77,79.8,-15.95,-5.72
73,BAHIA DE TODOS LOS SANTOS,BATAVIA,-13.07,-38.48,-6.1,106.86
72,MADEIRA,ANTIGUA,32.95,-15.88,17.12,-61.85
72,NIEUWEDIEP,KAAP DE GOEDE HOOP,52.155,3.27,-34.12,18.23
71,CAPE COMERIN,ST HELENA,8.06,77.55,-16.02,-5.08
71,SAN FRANCISCO,VALPARAISO,37.5,-122.68,-33.08,-71.67
71,ST THOMAS,UK,17.96,-65.14500000000001,51.5,-0.1
71,CEYLON,KAAP DE GOEDE HOOP,6.85,82.1,-34.12,18.23
71,ST SALVADOR,BATAVIA,-13.13,-38.2,-6.1,106.86
71,PORTSMOUTH,RIO DE JANEIRO,50.2,-1.58,-22.9,-43.16
71,CADIZ,HELLEVOETSLUIS,36.53,-6.3,51.81,4.08
70,ST HELENS ROAD UK,SPITHEAD,51.5,-0.1,50.525000000000006,-1.115
70,BASSE TERRE,ROCHEFORT,16.23,-61.53,46.515,-1.97
70,ST MAARTEN,MIDDELBURG,17.715,-62.52,51.5,3.6
70,RIO DE JANEIRO,MANILA,-22.9,-43.16,14.15,120.5
70,CALCUTTA,JAVA,20.47,87.27,-7.5,110.0
70,CADIZ,RIO DE JANEIRO,36.53,-6.3,-22.9,-43.16
70,BREST,PORTSMOUTH,48.34,-5.385,50.2,-1.58
70,NOAHIWA,AMBON,-9.0,-140.08,-3.68,128.16
69,TEXEL,LISSABON,52.615,4.175000000000001,39.0,-9.65
69,SURINAME,RAMMEKENS,6.095000000000001,-54.485,51.45,3.65
69,SAN FRANCISCO,KEMA,37.5,-122.68,1.26,125.36
69,ST JAGO,PORT EGMONT,14.92,-23.52,-51.7,-57.85
69,MARTINIQUE,PLYMOUTH,15.65,-61.745000000000005,50.35,-4.16
69,FERROL,RIO DE JANEIRO,43.6,-8.65,-22.9,-43.16
69,BATAVIA,MACAO,-6.1,106.86,22.17,113.54
68,CÁDIZ,FERROL,36.525000000000006,-6.41,43.6,-8.65
68,RIO DE JANEIRO,JOHANNA,-22.9,-43.16,-12.13,44.4
68,CURAÇAO,ST EUSTACIUS,12.34,-68.5,17.5,-62.97
68,ST HELENA,NIEUWEDIEP,-16.02,-5.08,52.155,3.27
67,BREST,HAMPTON,48.34,-5.385,37.0,-76.2
67,PLYMOUTH,MALAGA,50.35,-4.16,36.72,-4.42
67,ALGOA BAAI,NEDERLAND,-34.18,25.4,52.0,5.0
67,MAURITIUS,SPITHEAD,-20.17,57.5,50.525000000000006,-1.115
67,MADRAS,PORT LOUIS,13.08,80.27,-20.17,57.5
66,PORTSMOUTH,SIMONSBAAI,50.2,-1.58,-34.53,18.6
66,ROTTERDAM,ST EUSTACIUS,51.0,1.11,17.5,-62.97
65,SOERABAYA,TAFELBAAI,-7.23,112.7,-34.225,18.175
65,PORT ROYAL,PLYMOUTH,17.94,-76.84,50.35,-4.16
65,BUENOS AIRES,ANTWERPEN,-34.63,-58.33,51.22,4.4
64,PORTO PRAYA,SPITHEAD,14.92,-23.52,50.525000000000006,-1.115
64,TRINIDADA,LISBON,10.5,-61.25,38.68,-9.1
64,FORT ROYAL,ISLE D'AIX,14.59,-61.07,46.58,-4.67
63,ST THOMAS,SPITHEAD,17.96,-65.14500000000001,50.525000000000006,-1.115
63,BATAVIA,CEYLON,-6.1,106.86,6.85,82.1
63,SPITHEAD,PORT ROYAL JAMAICA,50.525000000000006,-1.115,18.1,-77.3
63,BRAMSPUNT,BERGEN/NOORWEGEN,6.07,-55.17,60.39,5.32
63,BUENOS AIRES,CHARILLO,-34.63,-58.33,-12.67,-77.06
63,HELVOETSLUIS,CURACAO,51.33,1.72,12.21,-68.34
63,BATAVIA,GAMRON,-6.1,106.86,26.8,56.6
62,GRAVESEND,ST HELENA,51.44,0.37,-16.02,-5.08
62,FORT AMSTERDAM,HELLEVOETSLUIS,6.05,-54.73,51.81,4.08
62,CÁDIZ,CAVITE,36.525000000000006,-6.41,14.5,120.92
62,MIDDELBURG,WEST AFRICA,51.5,3.6,8.0,-5.0
61,ST PIERRE,LA ROCHELLE,14.73,-61.18,46.16,-1.15
61,MONTEVIDEO,TABLE BAY,-34.89,-56.21,-33.9,18.4
61,FORT ROYAL,HELLEVOETSLUIS,14.59,-61.07,51.81,4.08
61,TEXEL,MONTEVIDEO,52.615,4.175000000000001,-34.89,-56.21
61,PONDICHERRY,TABLE BAY,11.93,79.83,-33.9,18.4
61,ST KITTS,PLYMOUTH,17.3,-62.73,50.35,-4.16
61,STRAAT SUNDA,NOORDKUST JAVA,-6.0,105.9,-7.5,110.0
60,NEDERLAND,FORT AXIM,52.0,5.0,4.5,-3.93
60,LISBON,CRUISING TO LISBON,38.68,-9.1,38.72,-9.14
60,MANILLA,MADRAS,14.65,119.62,13.08,80.27
60,LONG BAY JAMAICA,SPITHEAD,18.1,-77.3,50.525000000000006,-1.115
60,SENEGAL,LISBON,14.7,-17.45,38.68,-9.1
60,MAKASSAR,MANILA,-5.65,118.2,14.15,120.5
59,HAVANNA,LIVERPOOL,23.27,-82.49,53.2,-4.63
59,JAVA,COLOMBO,-7.5,110.0,6.91,79.86
59,NEDERLAND,RIO DE LA PLATA,52.0,5.0,-35.0,-54.78
59,AMBOINE,LA BAIE DE LEGRAND,-3.805,128.43,-34.114999999999995,121.8
59,RAMMEKENS,GUINEA,51.45,3.65,10.0,-10.0
59,PORT EGMONT,FAYAL,-51.7,-57.85,38.63,-29.85
59,MIDDELBURG,CAAP MONTE,51.5,3.6,6.5,-11.0
59,MACAO,SAN FRANCISCO,22.17,113.54,37.5,-122.68
58,SANTA CRUZ,SIMONSBAAI,28.45,-16.25,-34.53,18.6
58,TEXEL,ELMINA,52.615,4.175000000000001,5.08,-1.34
58,MAURITIUS,KAAP DE GOEDE HOOP,-20.17,57.5,-34.12,18.23
58,ST MARTIN,PARAMARIBO,17.725,-59.355,5.83,-55.15
58,ST EUSTATIUS,SURINAME,17.5,-62.97,6.095000000000001,-54.485
58,TRINCOMALEE,PORT LOUIS,8.57,81.22,-20.17,57.5
57,ROTTERDAM,ST GEORGE D'ELMINA,51.0,1.11,5.08,-1.34
57,ST HELENA,JAVA,-16.02,-5.08,-7.5,110.0
57,ST HELENA,BENCOOLEN,-16.02,-5.08,-3.72,101.5
57,SPITHEAD,ST JAGO,50.525000000000006,-1.115,14.92,-23.52
57,GUINEA,ST EUSTACIUS,10.0,-10.0,17.5,-62.97
56,NEDERLAND,ST EUSTASIUS,52.0,5.0,17.5,-62.97
56,MAURITIUS,COCHIN,-20.17,57.5,9.96,76.25
55,SPITHEAD,NEVIS,50.525000000000006,-1.115,17.15,-62.58
55,LOUISBOURG,TOULON,46.22,-59.29,43.12,5.93
55,SPITHEAD,FUNCHAL,50.525000000000006,-1.115,32.63,-16.88
55,COCHIN,BATAVIA,9.96,76.25,-6.1,106.86
55,"PORT EGMONT, FALKLAND ISLANDS",UK,-51.8,-59.0,51.5,-0.1
54,VALPARAISO,RIO DE JANEIRO,-33.08,-71.67,-22.9,-43.16
54,VERACRUZ.,CÁDIZ,19.2,-96.1,36.525000000000006,-6.41
54,ST HELENA,HELVOETSLUIS,-16.02,-5.08,51.33,1.72
54,FORT ST DAVID,UK,11.77,79.78,51.5,-0.1
54,ACCRA,BARBADOS,5.55,-0.19,13.095,-58.93
53,PORTSMOUTH,MADEIRA,50.2,-1.58,32.95,-15.88
53,ST HELLENA,UK,-15.95,-5.72,51.5,-0.1
53,BUENOS AIRES,VALPARAISO,-34.63,-58.33,-33.08,-71.67
53,TEXEL,ST SALVADOR,52.615,4.175000000000001,-13.13,-38.2
53,ROCHEFORT,"TOBAGO, LA MARTINIQUE, ST. DOMINGUE",46.515,-1.97,14.64,-61.02
53,CANTON,TABLE BAY,19.98,113.85,-33.9,18.4
53,PORT EGMONT,PLYMOUTH,-51.7,-57.85,50.35,-4.16
52,LA HABANA,SANTANDER,23.48,-80.91,43.46,-3.8
52,ST GEORGE D'ELMINAR,SURINAME,5.08,-1.35,6.095000000000001,-54.485
52,BREMEN,NEW YORK,53.08,8.8,40.75,-73.97
52,WEST AFRICA,SURINAME,8.0,-5.0,6.095000000000001,-54.485
52,BATAVIA,SOERABAYA,-6.1,106.86,-7.23,112.7
52,SIERRA LEONE,UK,8.684999999999999,-13.415,51.5,-0.1
52,MIDDELBURG,ST PAOLO,51.5,3.6,5.9,-10.5
52,FUNCHAL,BARBADOS,32.63,-16.88,13.095,-58.93
51,VLISSINGEN,ST GEORGE D'ELMINA,51.45,3.58,5.08,-1.34
51,MANILA.,CÁDIZ,14.6,120.98,36.525000000000006,-6.41
51,SANDWICH ISLANDS,MACAO,21.3,-157.8,22.17,113.54
51,ELMINA,BRAAMSPUNT,5.08,-1.34,6.21,-55.11
51,KAAPSTAD,COLOMBO,-34.68,18.12,6.91,79.86
51,SPITHEAD,CAPE COAST,50.525000000000006,-1.115,5.1,-1.25
50,PORT LOUIS,MARTINIQUE,-20.17,57.5,15.65,-61.745000000000005
50,ROTTERDAM,ST CHRISTOFFEL,51.0,1.11,17.38,-61.57
50,JAMAICA,DOWNS UK,18.1,-77.3,51.2,1.4
50,MANILA,ISLA DE LA ASCENSION,14.15,120.5,-7.93,-14.37
50,BARBADOS,DOWNS UK,13.095,-58.93,51.2,1.4
50,MADEIRA,TABLE BAY,32.95,-15.88,-33.9,18.4
50,TABLE BAY,TILLICHERRY,-33.9,18.4,11.73,75.48
50,"TORTOLA ROADS, ST THOMAS",SPITHEAD,18.34,-64.93,50.525000000000006,-1.115
50,BATAVIA,BENGALEN,-6.1,106.86,22.5,88.3
49,GULF OF GUINEA,PARAMARIBO,4.0,2.0,5.83,-55.15
49,CURAÇAO,MIDDELBURG,12.34,-68.5,51.5,3.6
49,MAURITIUS,MADRAS,-20.17,57.5,13.08,80.27
49,ILE DE PAQUE,ILE MOWÉE,-27.175,-109.06,20.51,-156.09
49,SIMONSBAAI,FORT BANJOEWANGIE,-34.53,18.6,-8.2,114.35
49,CAP FRANCAISE,ROCHEFORT,19.74,-72.19,46.515,-1.97
49,MIDDELBURG,RIO GABON,51.5,3.6,-0.1249999999999999,8.875
48,UK,GIBRALTAR,51.5,-0.1,36.19,-5.21
48,SPITHEAD,GOREE,50.525000000000006,-1.115,14.67,-17.4
48,TABLE BAY,GULF OF ADEN,-33.9,18.4,12.79,45.03
48,CORK,ANTIGUA,51.35,-8.815,17.12,-61.85
48,JAMAICA,CORK,18.1,-77.3,51.35,-8.815
48,DOVER,CAAP MONTE,51.48,1.52,6.5,-11.0
48,NEW YORK,CURACAO,40.75,-73.97,12.21,-68.34
48,PLYMOUTH,PORTO PRAYA,50.35,-4.16,14.92,-23.52
48,SPITHEAD,SENEGAL,50.525000000000006,-1.115,14.7,-17.45
48,TABLE BAY,"BACK BAY, TRINCOMALEE",-33.9,18.4,8.58,81.23
47,FUNCHAL,ST JAGO,32.63,-16.88,14.92,-23.52
47,HELLEVOETSLUIS,BAHIA DE TODOS LOS SANTOS,51.81,4.08,-13.07,-38.48
47,TABLE BAY,CEYLON,-33.9,18.4,6.85,82.1
47,STRAAT SUNDA,TIRIKUNAMALAYA,-6.0,105.9,8.57,81.22
47,TABLE BAY,"PORT LOUIS, MAURITIUS",-33.9,18.4,-20.15,57.47
47,ROTTERDAM,RIO DE JANEIRO,51.0,1.11,-22.9,-43.16
46,GIBRALTAR,LISSABON,36.19,-5.21,39.0,-9.65
46,CURACAO,LA GUAYRA,12.21,-68.34,10.78,-67.14
46,CORK,GOREE,51.35,-8.815,14.67,-17.4
46,TEXEL,CANARIA,52.615,4.175000000000001,28.465,-15.35
46,PUERTO RICO,VERACRUZ,18.48,-66.13,19.2,-96.1
46,BASSE TERRE ROADS,SPITHEAD,15.99,-61.73,50.525000000000006,-1.115
46,PAPENBERG,BATAVIA,31.67,128.6,-6.1,106.86
46,BATAVIA,PORT LOUIS,-6.1,106.86,-20.17,57.5
46,SANTA CRUZ,SPITHEAD,28.45,-16.25,50.525000000000006,-1.115
46,FUNCHAL,TEXEL,32.63,-16.88,52.615,4.175000000000001
46,TABLE BAY,MOCHA,-33.9,18.4,13.32,43.25
46,HAMPTON,NEDERLAND,37.0,-76.2,52.0,5.0
46,ST THOMAS (SAO TOME),SPITHEAD,18.34,-64.93,50.525000000000006,-1.115
46,ACAPULCO,SAN BLAS,16.85,-99.9,21.9,-106.96
45,NOUVELLE IRLANDE,AMBOINE,-4.72,152.675,-3.805,128.43
45,YARMOUTH,NEW YORK,52.61,1.73,40.75,-73.97
45,PORT DES FRANCAIS,MONTEREY,58.6,-137.65,36.66,-121.9
45,ST GEORGE D'ELMINA,MONTEVIDEO,5.08,-1.34,-34.89,-56.21
45,LISSABON,NIEUWEDIEP,39.0,-9.65,52.155,3.27
45,TABLE BAY,RIO DE LA PLATA,-33.9,18.4,-35.0,-54.78
45,ST THOMAS (SAO TOME),DOMINICA,18.34,-64.93,15.42,-61.35
45,BARBADOS,PLYMOUTH UK,13.095,-58.93,51.5,-0.1
45,ANTIGUA,BARBADOS,17.12,-61.85,13.095,-58.93
45,CURACAO,ST MAARTEN,12.21,-68.34,17.715,-62.52
44,SENEGAL,FALMOUTH,14.7,-17.45,50.15,-5.07
44,TEXEL,ST GEORGE D'ELMINA,52.615,4.175000000000001,5.08,-1.34
44,MADEIRA,JAMAICA,32.95,-15.88,18.1,-77.3
44,TEXEL,CAYENNE,52.615,4.175000000000001,4.845000000000001,-52.175
44,LOANGO,SURINAME,-4.65,11.82,6.095000000000001,-54.485
43,CAP FRANCAIS,BORDEAUX,19.75,-72.2,44.84,-0.58
43,ST PIERRE,MARTINIQUE,14.73,-61.18,15.65,-61.745000000000005
43,FAYAL,PLYMOUTH,38.63,-29.85,50.35,-4.16
43,PLYMOUTH,FALMOUTH,50.35,-4.16,50.15,-5.07
43,CADIZ,VERACRUZ,36.53,-6.3,19.2,-96.1
43,PLYMOUTH,GULF OF GUINEA,50.35,-4.16,4.0,2.0
43,LA GUADELOUPE,L'ISLE D'AIX,15.57,-61.67,46.6,-2.5
43,NIEUWEDIEP,NEW YORK,52.155,3.27,40.75,-73.97
43,PARAMARIBO,RAMMEKENS,5.83,-55.15,51.45,3.65
43,HELLEVOETSLUIS,CAYENNE,51.81,4.08,4.845000000000001,-52.175
42,SANDWICH ISLANDS,PRINCE WILLIAM'S SOUND,21.3,-157.8,60.5,-147.0
42,BATAVIA,TRINCOMALEE,-6.1,106.86,8.57,81.22
42,LA HABANA,CAMARIÑAS,23.48,-80.91,43.1,-9.2
41,NIEUWEDIEP,RIO DE JANEIRO,52.155,3.27,-22.9,-43.16
41,MEW BAY -JAVA,BOMBAY,-7.5,110.0,18.93,72.85
41,TILLICHERRY,CALCUTTA,11.73,75.48,20.47,87.27
41,BREST,CUL DE SAC,48.34,-5.385,14.42,-59.17
41,BELIZE,NEDERLAND,17.240000000000002,-87.275,52.0,5.0
41,GIBRALTAR,MARTINIQUE,36.19,-5.21,15.65,-61.745000000000005
41,SOERABAJA,AMBON,-7.23,112.7,-3.68,128.16
41,HAVANNA,CURACAO,23.27,-82.49,12.21,-68.34
40,MADRAS,TILLICHERRY,13.08,80.27,11.73,75.48
40,PRINCESS ISLAND (NR ST THOMAS),BARBADOS,18.34,-64.93,13.095,-58.93
40,BATAVIA,CANTON,-6.1,106.86,19.98,113.85
40,TRINIDAD (CUBA),CURACAO,10.5,-61.25,12.21,-68.34
40,MADEIRA,NEW YORK,32.95,-15.88,40.75,-73.97
40,SPITHEAD,ST LUCIA,50.525000000000006,-1.115,13.9,-61.0
40,BREST,"DOMINIQUE, CADIX, MALAGUA ET RETOUR A BREST",48.34,-5.385,48.4,-4.5
40,"CANTON RIVER, CHINA",ST HELENA,31.2,121.5,-16.02,-5.08
40,SOERABAYA,ALGOA BAAI,-7.23,112.7,-34.18,25.4
40,FERROL,CAP,43.6,-8.65,19.74,-72.19
40,RIO DE JANEIRO,FALMOUTH,-22.9,-43.16,50.15,-5.07
39,GALLE,MAURITIUS,6.0,80.2,-20.17,57.5
39,TEXEL,CURAÇAO,52.615,4.175000000000001,12.34,-68.5
39,TAFELBAAI,JAVA,-34.225,18.175,-7.5,110.0
39,CHEREBON ROAD,RIVER BANJOR,-6.7,108.6,-3.52,114.48
39,ST VINCENT,LIVERPOOL,13.15,-61.2,53.2,-4.63
39,MACAO,MALACCA,22.17,113.54,2.17,102.24
39,ST DOMINGO,NIEUWEDIEP,18.4,-69.67,52.155,3.27
38,FALMOUTH,PORT ROYAL,50.15,-5.07,17.94,-76.84
38,BORDEAUX,MARTINIQUE,44.84,-0.58,15.65,-61.745000000000005
38,CAPE COAST,"PORT ROYAL, JAMAICA",5.1,-1.25,18.1,-77.3
38,ST HELENA,FERDINANDO LORONHO,-16.02,-5.08,-3.85,-32.42
38,GAMBIA,UK,13.45,-16.57,51.5,-0.1
38,CURACAO,DE GOEDE RHEEDE,12.21,-68.34,52.08,1.73
38,CADIZ,PUERTO RICO,36.53,-6.3,18.48,-66.13
38,"EL CALLAO (LIMA, PERÚ)",VALPARAÍSO (CHILE),-12.07,-77.15,-1.46,-48.5
37,PORT ROYAL,PORTSMOUTH,17.94,-76.84,50.2,-1.58
37,GUAYAQUIL,CALLAO,-3.32,-80.55,-12.08,-77.93
37,CASTRIES,AVATSCHA,51.45,140.85,53.02,159.03
37,ALLERHEILIGEN BAAIJ,TAFELBAAI,-13.01,-38.53,-34.225,18.175
36,BATAVIA,SAMARANG,-6.1,106.86,-6.65,110.32
36,LA HAVANE,ROCHEFORT,23.13,-82.39,46.515,-1.97
36,MADEIRA,SENEGAL,32.95,-15.88,14.7,-17.45
36,ST HELENA,WOOLWICH UK,-16.02,-5.08,51.5,-0.1
36,MALAGA,LOUISBOURG,36.72,-4.42,46.22,-59.29
36,CAPE COAST,PORT ROYAL JAMAICA,5.1,-1.25,18.1,-77.3
36,NEDERLAND,SIERRA LEONE,52.0,5.0,8.684999999999999,-13.415
36,VLISSINGEN,SANTA CRUZ,51.45,3.58,28.45,-16.25
36,PLYMOUTH,CAPE COAST,50.35,-4.16,5.1,-1.25
36,ST EUSTACIUS,NEDERLAND,17.5,-62.97,52.0,5.0
36,BORDEAUX,ROTTERDAM,44.84,-0.58,51.0,1.11
36,CHERILLOS,NOAHIWA,-12.55,-77.12,-9.0,-140.08
35,NEW ZEALAND,TOWARDS CAPE HORN,-41.0,174.0,-55.98,-67.27
35,GUADELOUPE,L'ISLE DIEU,16.25,-61.58,46.575,-2.05
35,"DAUPHIN BAY, MADAGASCAR",TABLE BAY,-25.02,47.0,-33.9,18.4
35,UK,DOMINICA,51.5,-0.1,15.42,-61.35
35,PORTO PRAYA,ST HELENA,14.92,-23.52,-16.02,-5.08
35,LA ROCHELLE,SPITHEAD,46.16,-1.15,50.525000000000006,-1.115
35,SENEGAL ROAD,SPITHEAD,14.7,-17.45,50.525000000000006,-1.115
35,HAMPTON,TEXEL,37.0,-76.2,52.615,4.175000000000001
35,CALCUTTA,MADRAS,20.47,87.27,13.08,80.27
34,TORBAY UK,BASSE TERRE,51.5,-0.1,16.23,-61.53
34,ST JOHNS ANTIGUA,SPITHEAD,17.12,-61.85,50.525000000000006,-1.115
34,YARMOUTH,BARBADOS,52.61,1.73,13.095,-58.93
34,ILE MOWÉE,PORT DES FRANCAIS,20.51,-156.09,58.6,-137.65
34,HELLEVOETSLUIS,FUNCHAL,51.81,4.08,32.63,-16.88
34,MADRAS,PENANG,13.08,80.27,5.42,100.32
34,MAKASSAR,MACAO,-5.65,118.2,22.17,113.54
34,PORT ANTOIO JAMAICA,THE DOWNS,18.1,-77.3,51.2,1.4
34,NEDERLAND,CADIZ,52.0,5.0,36.53,-6.3
34,LISSABON,HELLEVOETSLUIS,39.0,-9.65,51.81,4.08
34,LA HABANA,BILBAO,23.48,-80.91,43.26,-2.93
34,PORT ROYAL JAMAICA,UK,18.1,-77.3,51.5,-0.1
33,PORT ROYAL JAMICA,PLYMOUTH,17.94,-76.84,50.35,-4.16
33,FUNCHAL,RIO DE JANEIRO,32.63,-16.88,-22.9,-43.16
33,CALLAO,VALPARAISO,-12.08,-77.93,-33.08,-71.67
33,NEW YORK,BASSE TERRE,40.75,-73.97,16.23,-61.53
33,TRUXILLO,CURAÇAO,16.11,-86.015,12.34,-68.5
33,ST THOMAS,JAMAICA,17.96,-65.14500000000001,18.1,-77.3
32,ANTIGUA,PORTSMOUTH,17.12,-61.85,50.2,-1.58
32,NIEUWEDIEP,PARAMARIBO,52.155,3.27,5.83,-55.15
32,PLYMOUTH,SIERRA LEONE,50.35,-4.16,8.684999999999999,-13.415
32,CADIZ,PLYMOUTH,36.53,-6.3,50.35,-4.16
32,JAMAICA,UK,18.1,-77.3,51.5,-0.1
32,ST GEORGE D'ELMINA,RIO DE JANEIRO,5.08,-1.34,-22.9,-43.16
32,LISSABON,WEST AFRICA,39.0,-9.65,8.0,-5.0
32,JOHANNA,MADRAS,-12.13,44.4,13.08,80.27
32,PORT ROYAL,UK,17.94,-76.84,51.5,-0.1
32,BATAVIA,DECIMA,-6.1,106.86,32.75,129.87
32,BATAVIA,NAGEPATNAM,-6.1,106.86,10.75,79.84
32,CORK,NEW YORK,51.35,-8.815,40.75,-73.97
32,SAINT PIERRE,BREST,46.77,-55.45,48.34,-5.385
32,ST CHRISTOFFEL,SURINAME,17.38,-61.57,6.095000000000001,-54.485
31,ANTIGUA,GIBRALTAR,17.12,-61.85,36.19,-5.21
31,RIO DE JANEIRO,ST EUSTATIUS,-22.9,-43.16,17.5,-62.97
31,PORTO KABELLO,RIVIER KOMMEWIJNE,10.73,-68.33,6.15,-55.06
31,HELLEVOETSLUIS,ALGIERS,51.81,4.08,36.75,3.04
31,ANTIGUA,UK,17.12,-61.85,51.5,-0.1
31,SIERRA LEONE,ST GEORGE D'ELMINA,8.684999999999999,-13.415,5.08,-1.34
31,SURINAME,FORT ROYAL,6.095000000000001,-54.485,14.59,-61.07
31,JAMAICA,MARTINIQUE,18.1,-77.3,15.65,-61.745000000000005
31,"PORT LOUIS, MAURITIUS",MADRAS,-20.15,57.47,13.08,80.27
31,ST THOMAS,FALMOUTH,17.96,-65.14500000000001,50.15,-5.07
31,PORT PHILIP,BATAVIA,-37.9,144.9,-6.1,106.86
31,BARBADOS,NEDERLAND,13.095,-58.93,52.0,5.0
31,BATAVIA,PUNTO GALE,-6.1,106.86,6.02,80.22
31,PUNTE GALE,BATAVIA,6.02,80.22,-6.1,106.86
31,MADEIRA,SENEGAL RIVER,32.95,-15.88,14.7,-17.45
31,MALACCA,MADRAS,2.17,102.24,13.08,80.27
31,NEW YORK,ANTWERPEN,40.75,-73.97,51.22,4.4
30,BALTIMORE,BREST,-8.56,125.57,48.34,-5.385
30,PLYMOUTH,SENEGAL,50.35,-4.16,14.7,-17.45
30,NEAR MADEIRA,ANTIGUA,32.65,-16.9,17.12,-61.85
30,LISBON,UK,38.68,-9.1,51.5,-0.1
30,ST JOHNS ROAD (ANTIGUA),UK,17.12,-61.85,51.5,-0.1
30,MAKASSAR,BATAVIA,-5.65,118.2,-6.1,106.86
30,YARMOUTH,ANTIGUA,52.61,1.73,17.12,-61.85
30,HELLEVOETSLUIS,MALAGA,51.81,4.08,36.72,-4.42
29,GIBRALTAR,PORT AU PRINCE,36.19,-5.21,18.54,-72.37
29,NEDERLAND,PLYMOUTH,52.0,5.0,50.35,-4.16
29,PORT ROYAL (JAMAICA),SPITHEAD,18.1,-77.3,50.525000000000006,-1.115
29,"PRINCE RUPERT BAY, DOMINICA",DOWNS,15.42,-61.35,51.2,1.4
29,PUNTO GALE,MAZULIPATNAM,6.02,80.22,16.16,81.18
29,CORK (WESTERN APPROACHES),PLYMOUTH,51.9,-8.47,50.35,-4.16
29,JAVA HEAD,MADRAS,-6.75,105.2,13.08,80.27
29,BASSE TERRE,DOWNS,16.23,-61.53,51.2,1.4
29,PUNTO GALLE,BATAVIA,6.03,80.22,-6.1,106.86
28,PLYMOUTH,CORK,50.35,-4.16,51.35,-8.815
28,ROTTERDAM,MADEIRA,51.0,1.11,32.95,-15.88
28,MADRAS - BALASORE,MADRAS,13.08,80.27,13.08,80.27
28,CANTON,TILLICHERRY,19.98,113.85,11.73,75.48
27,MADEIRA,ST JOHN'S ANTIGUA,32.95,-15.88,17.12,-61.85
27,RIO DE JANEIRO,"PORT EGMONT, FALKLAND ISLANDS",-22.9,-43.16,-51.8,-59.0
27,LISBON,PORTSMOUTH,38.68,-9.1,50.2,-1.58
27,GAMRON,COCHIN,26.8,56.6,9.96,76.25
27,HAVANNA,VLISSINGEN,23.27,-82.49,51.45,3.58
27,BASSE TERRE,UK,16.23,-61.53,51.5,-0.1
26,MALDONADO,RIO DE JANEIRO,-34.92,-54.96,-22.9,-43.16
26,PORT LOUIS,TAFELBAAI,-20.17,57.5,-34.225,18.175
26,HALIFAX (CHABUKTA HARBOUR),LISBON,51.5,-0.1,38.68,-9.1
26,TAGUS,SPITHEAD,38.68,-9.1,50.525000000000006,-1.115
26,HELLEVOETSLUIS,BRIDGETOWN,51.81,4.08,13.82,-58.79
26,FENSHALL ROAD MADEIRA,ANTIGUA,32.65,-16.9,17.12,-61.85
26,PLYMOUTH,SANTA CRUZ,50.35,-4.16,28.45,-16.25
26,GULF OF ADEN,BOMBAY,12.79,45.03,18.93,72.85
26,HAMPTON,MARGRET ROAD (UK),37.0,-76.2,51.5,-0.1
25,JAMAICA PORT ROYAL,SPITHEAD,18.1,-77.3,50.525000000000006,-1.115
25,ST HELENA,ASCENSION,-16.02,-5.08,-7.95,-14.37
25,PENANG,CALCUTTA,5.42,100.32,20.47,87.27
25,HAVANA,ROTTERDAM,23.13,-82.38,51.0,1.11
25,CAP DE DIEMEN,TONGATABOU,-43.9,144.36,-21.085,-175.06
25,FERROL,FERROL?,43.6,-8.65,43.48,-8.24
25,LOUISBOURG,ANTIGUA,46.22,-59.29,17.12,-61.85
25,FORT ST DAVID ROAD (MADRAS),ANJANGO ROAD,11.77,79.78,8.66,76.78
24,FUNCHAL,ST EUSTATIUS,32.63,-16.88,17.5,-62.97
24,TRINCOMALEE,MAURITIUS,8.57,81.22,-20.17,57.5
24,FAYAL,SPITHEAD,38.63,-29.85,50.525000000000006,-1.115
24,NEDERLAND,MARSEILLE,52.0,5.0,43.3,5.37
24,COLOMBO (SRI LANKA),PRINCES ISLAND (JAVA),6.93,79.85,-7.5,110.0
24,ST HELENA,ROTTERDAM,-16.02,-5.08,51.0,1.11
24,FAYAL,ANTIGUA,38.63,-29.85,17.12,-61.85
24,NEW YORK,BREST,40.75,-73.97,48.34,-5.385
24,"ENGLISH BAY, ANTIGUA",ANTIGUA,17.12,-61.85,17.12,-61.85
24,SPITSBERGEN,HELLEVOETSLUIS,60.39,5.32,51.81,4.08
24,PARAMARIBO,CAYENNE,5.83,-55.15,4.845000000000001,-52.175
24,MADEIRA,RIVER GAMBIA,32.95,-15.88,13.55,-16.7
24,ST MARTIN,LA GUAYRA,17.725,-59.355,10.78,-67.14
24,PUERTO RICO,VERACRUZ (MÉXICO),18.48,-66.13,19.2,-96.1
23,CARTAGENA?,CURACAO,10.4,-75.5,12.21,-68.34
23,GIBRALTAR,DOWNS,36.19,-5.21,51.2,1.4
23,ST EUSTATIUS,SPITHEAD,17.5,-62.97,50.525000000000006,-1.115
23,ST MAARTEN,PARAMARIBO,17.715,-62.52,5.83,-55.15
23,CURAÇAO,LA GUAIJRA,12.34,-68.5,10.87,-67.03
23,MADEIRA,NEVIS,32.95,-15.88,17.15,-62.58
23,BAIJ VAN DILAGOA,KAAP DE GOEDE HOOP,-26.0,32.75,-34.12,18.23
23,CAPE ST VINCENT,BARBADOS,13.15,-61.2,13.095,-58.93
22,PLYMOUTH,FERROL HARBOUR - CRUISING THE WESTERN APPROACHES,50.35,-4.16,43.48,-8.24
22,BREST,CADIZ,48.34,-5.385,36.53,-6.3
22,CAPE VERDE,SPITHEAD,15.0,-23.5,50.525000000000006,-1.115
22,BATAVIA,SOERABAJA,-6.1,106.86,-7.23,112.7
22,COCHIN,GULF OF ADEN,9.96,76.25,12.79,45.03
22,MONTERREY,SAN BLAS,36.7,-121.91,21.9,-106.96
22,ST JOHN'S ANTIGUA,SPITHEAD,17.12,-61.85,50.525000000000006,-1.115
22,NEW YORK,BARBADOS,40.75,-73.97,13.095,-58.93
22,MALAKKA,COLOMBO,2.17,102.24,6.91,79.86
21,PORTO PRAIJO,ALLERHEILIGEN BAAIJ,14.92,-23.52,-13.01,-38.53
21,SURAT,ADEN,21.17,72.83,12.79,45.03
21,NEDERLAND,ST CRUZ,52.0,5.0,28.55,-16.165
21,DIEGO GARCIA,COLOMBO,-7.23,72.4,6.91,79.86
21,TALCAGUANA,ILE DE PAQUE,-36.76,-73.17,-27.175,-109.06
21,CURACAO,GUADELOUPE,12.21,-68.34,16.25,-61.58
21,CURACAO,MARTINIQUE,12.21,-68.34,15.65,-61.745000000000005
21,MUSCAT,BOMBAY,23.61,58.59,18.93,72.85
21,ANTIGUA,FALMOUTH,17.12,-61.85,50.15,-5.07
20,NEDERLAND,LERWICK,52.0,5.0,60.15,-1.12
20,HAVANA,CURACAO,23.13,-82.38,12.21,-68.34
20,JAMAICA,CURACAO,18.1,-77.3,12.21,-68.34
20,BATAVIA,DIEGO GARCIA,-6.1,106.86,-7.23,72.4
20,NAGEPATNAM,BELLESOOR,10.75,79.84,21.55,87.4
20,CÁDIZ,LISBOA-FERROL,36.525000000000006,-6.41,43.48,-8.24
20,NEDERLAND,TANGER,52.0,5.0,35.83,-6.15
20,TILLICHERRY,MOCHA,11.73,75.48,13.32,43.25
20,SURAT,MUSCAT,21.17,72.83,23.61,58.59
20,JOHANNA,BOMBAY,-12.13,44.4,18.93,72.85
20,NOKA,MONTERREY,49.67,-127.21,36.7,-121.91
20,TERNATTEN,BANDA,0.76,127.38,-4.585,129.81
19,SPITHEAD,FUNCHAL ROAD (MADEIRA),50.525000000000006,-1.115,32.65,-16.9
19,KEMA,MAKASSAR,1.26,125.36,-5.65,118.2
19,SURAT,MOCHA (MOKHA),21.17,72.83,13.32,43.25
19,MACAO,MIRABELLE,22.17,113.54,14.38,120.55
19,MADEIRA,ST EUSTATIUS,32.95,-15.88,17.5,-62.97
19,TEXEL,PORTO PRAIJO,52.615,4.175000000000001,14.92,-23.52
19,SPITHEAD,ST JOHNS (ANTIGUA),50.525000000000006,-1.115,17.12,-61.85
18,TRUXILLO,HAVANA,16.11,-86.015,23.13,-82.38
18,FALMOUTH,LISBON,50.15,-5.07,38.68,-9.1
18,ROCHEFORT,FERROL,46.515,-1.97,43.6,-8.65
18,AMSTERDAM,LIVERPOOL,52.77,3.97,53.2,-4.63
18,GIBRALTAR,PORT ROYAL JAMAICA,36.19,-5.21,18.1,-77.3
18,CORK,MADEIRA,51.35,-8.815,32.95,-15.88
18,SMYRNA,MALTA,38.42,27.14,35.9,14.51
18,MADEIRA,TEXEL,32.95,-15.88,52.615,4.175000000000001
18,VALPARAISO,ARIKA,-33.08,-71.67,-18.48,-70.33
18,SPITHEAD,FENSHALL ROAD (ANTIGUA),50.525000000000006,-1.115,17.12,-61.85
17,CADIZ,COCKHAM WOOD UK,36.53,-6.3,51.5,-0.1
17,CÁDIZ,CARTAGENA (ESPAÑA),36.525000000000006,-6.41,10.4,-75.5
17,CADIZ,LISBON,36.53,-6.3,38.68,-9.1
17,TOULON,MALAGA,43.12,5.93,36.72,-4.42
17,BATAVIA,SOERABAIJA,-6.1,106.86,-7.23,112.7
17,FUNCHAL,FALMOUTH,32.63,-16.88,50.15,-5.07
17,MANILA,BATAVIA,14.15,120.5,-6.1,106.86
17,ANTIGUA,PLYMOUTH,17.12,-61.85,50.35,-4.16
17,CUL DE SAC,CAP FRANCAISE,14.42,-59.17,19.74,-72.19
16,SPITHEAD,TENERIFE,50.525000000000006,-1.115,29.375,-16.3
16,TERNATE,MENADO,0.79,127.38,1.55,124.0
16,LISSABON,FUNCHAL,39.0,-9.65,32.63,-16.88
16,CURACAO,ST MARTIN,12.21,-68.34,17.725,-59.355
16,CURACAO,VERA CRUZ,12.21,-68.34,19.32,-96.22
16,SAMARANG,MACAO,-6.65,110.32,22.17,113.54
16,MALAGA,CARTAGENA,36.72,-4.42,10.4,-75.5
16,CURAÇAO,NEW YORK,12.34,-68.5,40.75,-73.97
16,FORT ST DAVID,ST HELENA,11.77,79.78,-16.02,-5.08
16,HAVANNA,UK,23.27,-82.49,51.5,-0.1
16,PLYMOUTH,ST JAGO,50.35,-4.16,14.92,-23.52
16,MOCHA (ARABIAN PENINSULA),BOMBAY,13.32,43.25,18.93,72.85
16,CADIZ,UK,36.53,-6.3,51.5,-0.1
15,BRAAMSPUNT,ST EUSTATIUS,6.21,-55.11,17.5,-62.97
15,ST LUCIA,NEW YORK,13.9,-61.0,40.75,-73.97
15,CURAÇAO,ST MARTIN,12.34,-68.5,17.725,-59.355
15,PORTO PRAYA,PORTSMOUTH,14.92,-23.52,50.2,-1.58
15,GIBRALTAR,TEXEL,36.19,-5.21,52.615,4.175000000000001
15,PORTO RICO,ST EUSTATIUS,41.15,-8.61,17.5,-62.97
15,MADEIRA,PORTO PRAYA,32.95,-15.88,14.92,-23.52
15,LANGLE,CASTRIES,47.88,141.9,51.45,140.85
15,GIBRALTAR,CADIZ,36.19,-5.21,36.53,-6.3
15,STRAAT VAN BANKA,BATAVIA,-2.2,105.42,-6.1,106.86
15,ADEN,BOMBAY,12.79,45.03,18.93,72.85
15,MALACCA TOWN,MONOPIN HILL,2.17,102.24,-2.0,105.1
15,MADEIRA,DOMINICA,32.95,-15.88,15.42,-61.35
15,NIEUWEDIEP,BRISTOL,52.155,3.27,51.45,-2.58
15,CÁDIZ,GIBRALTAR,36.525000000000006,-6.41,36.19,-5.21
14,AMBON,SOURABAIJA,-3.68,128.16,-7.23,112.7
14,ST THOMAS,CURACAO,17.96,-65.14500000000001,12.21,-68.34
14,ST HELENA,BLACKWALL UK,-16.02,-5.08,51.5,-0.1
14,UK,MADEIRA,51.5,-0.1,32.95,-15.88
14,BATAVIA,SOURABAIJA,-6.1,106.86,-7.23,112.7
14,VERA CRUZ,HAVANA,19.32,-96.22,23.13,-82.38
14,LERWICK,HELLEVOETSLUIS,60.15,-1.12,51.81,4.08
14,RIO DE JANEIRO,MONTEVIDEO,-22.9,-43.16,-34.89,-56.21
14,BOMBAY,CANTON,18.93,72.85,19.98,113.85
13,GIBRALTAR,ALGIERS,36.19,-5.21,36.75,3.04
13,ALLICANTEN,LISSABON,38.35,-0.48,39.0,-9.65
13,DOWNS,MADEIRA,51.2,1.4,32.95,-15.88
13,GIBRALTAR,LISBON,36.19,-5.21,38.68,-9.1
13,MADEIRA,GAMBIA,32.95,-15.88,13.45,-16.57
13,FORT AMSTERDAM,ST EUSTATIUS,6.05,-54.73,17.5,-62.97
13,PUNTO GALE,COASTAL TO COCHIN,6.02,80.22,9.93,76.26
13,ST THOMAS,CORK,17.96,-65.14500000000001,51.35,-8.815
13,MONTEVIDEO,BUENOS AIRES,-34.89,-56.21,-34.63,-58.33
12,CADIZ,TENERIFE,36.53,-6.3,29.375,-16.3
12,CADIZ,PORTSMOUTH,36.53,-6.3,50.2,-1.58
12,GOA ROAD,BOMBAY,15.47,73.77,18.93,72.85
12,CURACAO,PUERTO CABELLO,12.21,-68.34,11.045,-67.97999999999999
12,CORK,FUNCHAL,51.35,-8.815,32.63,-16.88
12,FALMOUTH,MADEIRA,50.15,-5.07,32.95,-15.88
12,NEW YORK,LOUISBOURG,40.75,-73.97,46.22,-59.29
12,CURACAO,PORTO RICO,12.21,-68.34,41.15,-8.61
12,YARMOUTH,MADEIRA,52.61,1.73,32.95,-15.88
12,PLYMOUTH,FUNCHAL,50.35,-4.16,32.63,-16.88
12,TIMOR,BANDA,-8.56,125.57,-4.585,129.81
12,PORTSMOUTH,GIBRALTAR,50.2,-1.58,36.19,-5.21
12,FRUXILLO,HAVANA,16.25,-86.07499999999999,23.13,-82.38
12,SANTA CRUZ,SENEGAL,28.45,-16.25,14.7,-17.45
12,TIRIKUNAMALAYA,GALLE,8.57,81.22,6.0,80.2
11,ST JOHNS ANTIGUA,WOODMANS BAY DOMINICA,17.12,-61.85,15.42,-61.35
11,TONGATABOU,NOUVELLE CALEDONIE,-21.085,-175.06,-20.25,164.61
11,ST HELENA,FALMOUTH,-16.02,-5.08,50.15,-5.07
11,BASSE TERRE,CHATHAM,16.23,-61.53,51.38,0.52
11,RIVIER KOMMEWIJNE,CURACAO,6.15,-55.06,12.21,-68.34
11,MANILLA,PENANG,14.65,119.62,5.42,100.32
11,TEXEL,PLYMOUTH,52.615,4.175000000000001,50.35,-4.16
11,COCHIN,BOMBAY,9.96,76.25,18.93,72.85
11,LISSABON,MADEIRA,39.0,-9.65,32.95,-15.88
11,SURINAME,BARBADOS,6.095000000000001,-54.485,13.095,-58.93
11,NEW YORK,DOWNS,40.75,-73.97,51.2,1.4
11,MADEIRA,ST JOHNS ANTIGUA,32.95,-15.88,17.12,-61.85
11,FERROL,CARTAGENA,43.6,-8.65,10.4,-75.5
10,VALPARAISO,CHERILLOS,-33.08,-71.67,-12.55,-77.12
10,BATAVIA,CHERIBON,-6.1,106.86,-6.77,108.55
10,SIERRA LEONE,ST JAGO,8.684999999999999,-13.415,14.92,-23.52
10,ST THOMAS,BELIZE,17.96,-65.14500000000001,17.240000000000002,-87.275
10,SAMARAS,BATAVIA,-6.65,110.45,-6.1,106.86
10,VERA CRUZ,HAVANNA,19.32,-96.22,23.27,-82.49
10,BASSE TERRE,ANTIGUA,16.23,-61.53,17.12,-61.85
10,PORTSMOUTH,FUNCHAL,50.2,-1.58,32.63,-16.88
10,DEMERARIJ,PARAMARIBO,6.98,-58.18,5.83,-55.15
10,ST EUSTACIUS,LA GUAIJRA,17.5,-62.97,10.87,-67.03
10,MARSEILLE,GIBRALTAR,43.3,5.37,36.19,-5.21
10,SUFTREN,LANGLE,47.87,139.7,47.88,141.9
9,AMSTERDAM,ST GEORGE D'ELMINA,52.77,3.97,5.08,-1.34
9,ST JAGO,GOREE,14.92,-23.52,14.67,-17.4
9,BARCELONA,CADIZ,41.39,2.17,36.53,-6.3
9,SURGIDERO DE SAN ROQUE,NOKA,53.45,-131.21,49.67,-127.21
9,ST HELENA,TRINIDADA,-16.02,-5.08,10.5,-61.25
9,MARSEILLE,ALLICANTEN,43.3,5.37,38.35,-0.48
9,DIEGO GARCIA,PORT LOUIS,-7.23,72.4,-20.17,57.5
9,ARIKA,GUAYAQUIL,-18.48,-70.33,-3.32,-80.55
9,VERACRUZ.,LA HABANA,19.2,-96.1,23.48,-80.91
9,SENEGAL,GOREE,14.7,-17.45,14.67,-17.4
9,MANGASEER ROAD,GOA ROAD,12.83,74.81,15.47,73.77
9,ST AUGUSTINES,JOHANNA,-23.4,43.66,-12.13,44.4
9,CAPE ST VINCENT,LISBON,13.15,-61.2,38.68,-9.1
9,BELIZE,HAVANA,17.240000000000002,-87.275,23.13,-82.38
9,NIEUWEDIEP,LIVERPOOL,52.155,3.27,53.2,-4.63
9,PORTO CABELLO,ST EUSTACIUS,10.61,-68.07,17.5,-62.97
9,CANARIA,PORTE PRAIJO,28.465,-15.35,14.85,-23.55
8,MADEIRA,ST JAGO,32.95,-15.88,14.92,-23.52
8,SINGAPORE,BATAVIA,1.35,103.82,-6.1,106.86
8,GIBRALTAR,CAPE ST VINCENT,36.19,-5.21,13.15,-61.2
8,GUADELOUPE,CAP FRANCAIS,16.25,-61.58,19.75,-72.2
8,WAYGIOU,BONROU,0.09,130.99,-3.115,127.46
8,FALMOUTH,CADIZ,50.15,-5.07,36.53,-6.3
8,AMBON,TERNATTEN,-3.68,128.16,0.76,127.38
8,CURACAO,AGUADILLA,12.21,-68.34,18.77,-67.6
8,NIEUWEDIEP,ST CRUZ,52.155,3.27,28.55,-16.165
8,BONAIRE,LA GUAYRA,12.16,-68.355,10.78,-67.14
8,CURACAO,TRUXILLO,12.21,-68.34,16.11,-86.015
8,FRUXILLO,VERA CRUZ,16.25,-86.07499999999999,19.32,-96.22
8,NEDERLAND,BILBAO,52.0,5.0,43.26,-2.93
8,CANTON,JAVA,19.98,113.85,-7.5,110.0
7,ASCENSION,PLYMOUTH,-7.95,-14.37,50.35,-4.16
7,ST MAARTEN,CURAÇAO,17.715,-62.52,12.34,-68.5
7,ST THOMAS,ASCENSION,17.96,-65.14500000000001,-7.95,-14.37
7,LEGHORN,TOWARDS GENOA,43.55,10.32,44.41,8.93
7,LA CORUÑA,CÁDIZ,43.36,-8.36,36.525000000000006,-6.41
7,CAYENNE,CURACAO,4.845000000000001,-52.175,12.21,-68.34
7,AMBOINA,TERNATE,-3.68,128.3,0.79,127.38
7,AMSTERDAM,TEXEL,52.77,3.97,52.615,4.175000000000001
7,NEVIS,GALLIONS REACH (UK),17.15,-62.58,51.5,-0.1
7,MADEIRA,GOREE,32.95,-15.88,14.67,-17.4
7,BATAVIA ROAD,CHEREBON ROAD,-6.05,106.85,-6.7,108.6
7,TRINCOMALEE,PUNTO GALE,8.57,81.22,6.02,80.22
7,CEYLON,TRINCOMALEE,6.85,82.1,8.57,81.22
7,MANILA,CANTON,14.15,120.5,19.98,113.85
7,FORT ROYAL,CAP,14.59,-61.07,19.74,-72.19
7,GUADELOUPE,CAP,16.25,-61.58,19.74,-72.19
7,FERROL,CADIZ,43.6,-8.65,36.53,-6.3
7,BROUWERSHAVEN,HARTLEPOOL,51.75,3.9,54.38,0.4
7,OEJONG SANKA,BATAVIA,-6.72,112.39,-6.1,106.86
7,CURACAO,FRUXILLO,12.21,-68.34,16.25,-86.07499999999999
6,ST EUSTACIUS,BONAIRE,17.5,-62.97,12.16,-68.355
6,TERNAL,SUFTREN,45.22,137.48,47.87,139.7
6,BAYONNE,BORDEAUX,43.49,-1.47,44.84,-0.58
6,ST EUSTATIUS,BONAIRE,17.5,-62.97,12.16,-68.355
6,CARTAGENA,PALMA DE MALLORCA Y BARCELONA,10.4,-75.5,41.39,2.17
6,BOMBAY,CARNAR,18.93,72.85,14.82,74.1
6,VLISSINGEN,GUYANA,51.45,3.58,5.83,-51.31
6,TAFELBAAI,SIMONSBAAI,-34.225,18.175,-34.53,18.6
6,FERROL HARBOUR,SPITHEAD,43.48,-8.24,50.525000000000006,-1.115
6,CURACAO,ST DOMINGO,12.21,-68.34,18.4,-69.67
6,PUERTO CABELLO,LA GUAIJRA,11.045,-67.97999999999999,10.87,-67.03
6,PUERTO CABELLO,LA GUAYRA,11.045,-67.97999999999999,10.78,-67.14
6,PUERTO CABELLO,CARACAS,11.045,-67.97999999999999,10.67,-67.02
6,RIVER TAGUS (LISBON),PORTSMOUTH,38.72,-9.14,50.2,-1.58
6,HAVANA,TRUVILLO,23.13,-82.38,16.73,-86.07
5,ALICANTE,ALICANTE?,38.17,-0.53,38.35,-0.48
5,SOERABAYA,PANGOOL,-7.23,112.7,-9.33,113.68
5,CURACAO,BONAIRE,12.21,-68.34,12.16,-68.355
5,CURAÇAO,PORTO CABELLO,12.34,-68.5,10.61,-68.07
5,CURAÇAO,PUERTO CABELLO,12.34,-68.5,11.045,-67.97999999999999
5,SOURABAIJA,SAMARANG,-7.23,112.7,-6.65,110.32
5,GUADELOUPE,BARBADOS,16.25,-61.58,13.095,-58.93
5,CURACAO,BAAI JACOMEL,12.21,-68.34,18.2,-72.53
5,SPITHEAD,CORK,50.525000000000006,-1.115,51.35,-8.815
4,BAAI JACOMEL,JAMAICA,18.2,-72.53,18.1,-77.3
4,MEW BAY-JAVA,BOMBAY,-7.5,110.0,18.93,72.85
4,PORTSMOUTH,NEW YORK,50.2,-1.58,40.75,-73.97
4,GUADELOUPE,MARTINIQUE,16.25,-61.58,15.65,-61.745000000000005
4,BARBADOS,MONTSERRAT,13.095,-58.93,16.75,-62.2
3,NIEUWEDIEP,MAREGAT,52.155,3.27,51.72,2.92
3,SPITHEAD,PLYMOUTH,50.525000000000006,-1.115,50.35,-4.16
3,BREST,ROCHEFORT,48.34,-5.385,46.515,-1.97
3,RIO DE JANEIRO,VALPARAISA (CHILE),-22.9,-43.16,-1.46,-48.5
3,SOERABAIJA,SAMARANG,-7.23,112.7,-6.65,110.32
3,FORT BANJOEWANGIE,OEJONG SANKA,-8.2,114.35,-6.72,112.39
3,TOULON,MARSEILLE,43.12,5.93,43.3,5.37
3,CHERIBON,OEJONG SANKA,-6.77,108.55,-6.72,112.39
3,CURAÇAO,BOCA CHICA,12.34,-68.5,10.63,-75.85
3,ANTIGUA,CURAÇAO,17.12,-61.85,12.34,-68.5
3,CURAÇAO,PORTO CAVALLO,12.34,-68.5,41.15,-8.61
2,PORT EGMONT,BRETTS HARBOUR,-51.7,-57.85,-51.33,-60.2
2,PORTO CABELLO,CURACAO,10.61,-68.07,12.21,-68.34
2,ST EUSTATIUS,ST MARTIN,17.5,-62.97,17.725,-59.355
2,BANDA,AMBOINA,-4.585,129.81,-3.68,128.3
2,BANDA,AMBON,-4.585,129.81,-3.68,128.16
2,PLYMOUTH,NIEUWENDIEP,50.35,-4.16,52.28,3.28
2,LA GUAYRA,PORTO CABELLO,10.78,-67.14,10.61,-68.07
1,NORFOLK SOUND,PORT BANKS,56.93,-135.65,56.54,-135.05
1,ST EUSTATIUS,ST MAARTEN,17.5,-62.97,17.715,-62.52
1,ST MAARTEN,ST THOMAS,17.715,-62.52,17.96,-65.14500000000001
1,PUERTO CABELLO,BONAIRE,11.045,-67.97999999999999,12.16,-68.355
1,COLOMBO,COCHIN,6.91,79.86,9.96,76.25
1,MIDDELBURG,RAMMEKENS,51.5,3.6,51.45,3.65
1,PUNTE GALE,COLOMBO,6.02,80.22,6.91,79.86
